InstanceType,AcceleratorName,AcceleratorCount,vCPUs,MemoryGiB,Price,SpotPrice,Region,GpuInfo
1x-B300,B300,1,8,100,9.1232,5.25,earth,"{'Gpus': [{'Name': 'B300', 'Manufacturer': 'NVIDIA', 'Count': 1, 'MemoryInfo': {'SizeInMiB': 294912}}], 'TotalGpuMemoryInMiB': 294912}"
2x-B300,B300,2,16,200,18.2464,10.5,earth,"{'Gpus': [{'Name': 'B300', 'Manufacturer': 'NVIDIA', 'Count': 2, 'MemoryInfo': {'SizeInMiB': 294912}}], 'TotalGpuMemoryInMiB': 589824}"
3x-B300,B300,3,24,300,27.3696,15.75,earth,"{'Gpus': [{'Name': 'B300', 'Manufacturer': 'NVIDIA', 'Count': 3, 'MemoryInfo': {'SizeInMiB': 294912}}], 'TotalGpuMemoryInMiB': 884736}"
4x-B300,B300,4,32,400,36.4928,21.0,earth,"{'Gpus': [{'Name': 'B300', 'Manufacturer': 'NVIDIA', 'Count': 4, 'MemoryInfo': {'SizeInMiB': 294912}}], 'TotalGpuMemoryInMiB': 1179648}"
5x-B300,B300,5,40,500,45.616,26.25,earth,"{'Gpus': [{'Name': 'B300', 'Manufacturer': 'NVIDIA', 'Count': 5, 'MemoryInfo': {'SizeInMiB': 294912}}], 'TotalGpuMemoryInMiB': 1474560}"
6x-B300,B300,6,48,600,54.7392,31.5,earth,"{'Gpus': [{'Name': 'B300', 'Manufacturer': 'NVIDIA', 'Count': 6, 'MemoryInfo': {'SizeInMiB': 294912}}], 'TotalGpuMemoryInMiB': 1769472}"
7x-B300,B300,7,56,700,63.8624,36.75,earth,"{'Gpus': [{'Name': 'B300', 'Manufacturer': 'NVIDIA', 'Count': 7, 'MemoryInfo': {'SizeInMiB': 294912}}], 'TotalGpuMemoryInMiB': 2064384}"
8x-B300,B300,8,64,800,72.9856,42.0,earth,"{'Gpus': [{'Name': 'B300', 'Manufacturer': 'NVIDIA', 'Count': 8, 'MemoryInfo': {'SizeInMiB': 294912}}], 'TotalGpuMemoryInMiB': 2359296}"
1x-H200,H200,1,8,100,6.5632,3.78,earth,"{'Gpus': [{'Name': 'H200', 'Manufacturer': 'NVIDIA', 'Count': 1, 'MemoryInfo': {'SizeInMiB': 144384}}], 'TotalGpuMemoryInMiB': 144384}"
2x-H200,H200,2,16,200,13.1264,7.56,earth,"{'Gpus': [{'Name': 'H200', 'Manufacturer': 'NVIDIA', 'Count': 2, 'MemoryInfo': {'SizeInMiB': 144384}}], 'TotalGpuMemoryInMiB': 288768}"
3x-H200,H200,3,24,300,19.6896,11.34,earth,"{'Gpus': [{'Name': 'H200', 'Manufacturer': 'NVIDIA', 'Count': 3, 'MemoryInfo': {'SizeInMiB': 144384}}], 'TotalGpuMemoryInMiB': 433152}"
4x-H200,H200,4,32,400,26.2528,15.12,earth,"{'Gpus': [{'Name': 'H200', 'Manufacturer': 'NVIDIA', 'Count': 4, 'MemoryInfo': {'SizeInMiB': 144384}}], 'TotalGpuMemoryInMiB': 577536}"
5x-H200,H200,5,40,500,32.816,18.9,earth,"{'Gpus': [{'Name': 'H200', 'Manufacturer': 'NVIDIA', 'Count': 5, 'MemoryInfo': {'SizeInMiB': 144384}}], 'TotalGpuMemoryInMiB': 721920}"
6x-H200,H200,6,48,600,39.3792,22.68,earth,"{'Gpus': [{'Name': 'H200', 'Manufacturer': 'NVIDIA', 'Count': 6, 'MemoryInfo': {'SizeInMiB': 144384}}], 'TotalGpuMemoryInMiB': 866304}"
7x-H200,H200,7,56,700,45.9424,26.46,earth,"{'Gpus': [{'Name': 'H200', 'Manufacturer': 'NVIDIA', 'Count': 7, 'MemoryInfo': {'SizeInMiB': 144384}}], 'TotalGpuMemoryInMiB': 1010688}"
8x-H200,H200,8,64,800,52.5056,30.24,earth,"{'Gpus': [{'Name': 'H200', 'Manufacturer': 'NVIDIA', 'Count': 8, 'MemoryInfo': {'SizeInMiB': 144384}}], 'TotalGpuMemoryInMiB': 1155072}"
1x-H100,H100,1,8,100,5.9732,3.44,earth,"{'Gpus': [{'Name': 'H100', 'Manufacturer': 'NVIDIA', 'Count': 1, 'MemoryInfo': {'SizeInMiB': 81920}}], 'TotalGpuMemoryInMiB': 81920}"
2x-H100,H100,2,16,200,11.9464,6.88,earth,"{'Gpus': [{'Name': 'H100', 'Manufacturer': 'NVIDIA', 'Count': 2, 'MemoryInfo': {'SizeInMiB': 81920}}], 'TotalGpuMemoryInMiB': 163840}"
3x-H100,H100,3,24,300,17.9196,10.32,earth,"{'Gpus': [{'Name': 'H100', 'Manufacturer': 'NVIDIA', 'Count': 3, 'MemoryInfo': {'SizeInMiB': 81920}}], 'TotalGpuMemoryInMiB': 245760}"
4x-H100,H100,4,32,400,23.8928,13.76,earth,"{'Gpus': [{'Name': 'H100', 'Manufacturer': 'NVIDIA', 'Count': 4, 'MemoryInfo': {'SizeInMiB': 81920}}], 'TotalGpuMemoryInMiB': 327680}"
5x-H100,H100,5,40,500,29.866,17.2,earth,"{'Gpus': [{'Name': 'H100', 'Manufacturer': 'NVIDIA', 'Count': 5, 'MemoryInfo': {'SizeInMiB': 81920}}], 'TotalGpuMemoryInMiB': 409600}"
6x-H100,H100,6,48,600,35.8392,20.64,earth,"{'Gpus': [{'Name': 'H100', 'Manufacturer': 'NVIDIA', 'Count': 6, 'MemoryInfo': {'SizeInMiB': 81920}}], 'TotalGpuMemoryInMiB': 491520}"
7x-H100,H100,7,56,700,41.8124,24.08,earth,"{'Gpus': [{'Name': 'H100', 'Manufacturer': 'NVIDIA', 'Count': 7, 'MemoryInfo': {'SizeInMiB': 81920}}], 'TotalGpuMemoryInMiB': 573440}"
8x-H100,H100,8,64,800,47.7856,27.52,earth,"{'Gpus': [{'Name': 'H100', 'Manufacturer': 'NVIDIA', 'Count': 8, 'MemoryInfo': {'SizeInMiB': 81920}}], 'TotalGpuMemoryInMiB': 655360}"
1x-RTXPRO6000,RTXPRO6000,1,8,100,5.0532,2.91,earth,"{'Gpus': [{'Name': 'RTXPRO6000', 'Manufacturer': 'NVIDIA', 'Count': 1, 'MemoryInfo': {'SizeInMiB': 98304}}], 'TotalGpuMemoryInMiB': 98304}"
2x-RTXPRO6000,RTXPRO6000,2,16,200,10.1064,5.82,earth,"{'Gpus': [{'Name': 'RTXPRO6000', 'Manufacturer': 'NVIDIA', 'Count': 2, 'MemoryInfo': {'SizeInMiB': 98304}}], 'TotalGpuMemoryInMiB': 196608}"
3x-RTXPRO6000,RTXPRO6000,3,24,300,15.1596,8.73,earth,"{'Gpus': [{'Name': 'RTXPRO6000', 'Manufacturer': 'NVIDIA', 'Count': 3, 'MemoryInfo': {'SizeInMiB': 98304}}], 'TotalGpuMemoryInMiB': 294912}"
4x-RTXPRO6000,RTXPRO6000,4,32,400,20.2128,11.64,earth,"{'Gpus': [{'Name': 'RTXPRO6000', 'Manufacturer': 'NVIDIA', 'Count': 4, 'MemoryInfo': {'SizeInMiB': 98304}}], 'TotalGpuMemoryInMiB': 393216}"
5x-RTXPRO6000,RTXPRO6000,5,40,500,25.266,14.55,earth,"{'Gpus': [{'Name': 'RTXPRO6000', 'Manufacturer': 'NVIDIA', 'Count': 5, 'MemoryInfo': {'SizeInMiB': 98304}}], 'TotalGpuMemoryInMiB': 491520}"
6x-RTXPRO6000,RTXPRO6000,6,48,600,30.3192,17.46,earth,"{'Gpus': [{'Name': 'RTXPRO6000', 'Manufacturer': 'NVIDIA', 'Count': 6, 'MemoryInfo': {'SizeInMiB': 98304}}], 'TotalGpuMemoryInMiB': 589824}"
7x-RTXPRO6000,RTXPRO6000,7,56,700,35.3724,20.37,earth,"{'Gpus': [{'Name': 'RTXPRO6000', 'Manufacturer': 'NVIDIA', 'Count': 7, 'MemoryInfo': {'SizeInMiB': 98304}}], 'TotalGpuMemoryInMiB': 688128}"
8x-RTXPRO6000,RTXPRO6000,8,64,800,40.4256,23.28,earth,"{'Gpus': [{'Name': 'RTXPRO6000', 'Manufacturer': 'NVIDIA', 'Count': 8, 'MemoryInfo': {'SizeInMiB': 98304}}], 'TotalGpuMemoryInMiB': 786432}"
1x-RTX5090,RTX5090,1,8,50,2.5032,1.445,earth,"{'Gpus': [{'Name': 'RTX5090', 'Manufacturer': 'NVIDIA', 'Count': 1, 'MemoryInfo': {'SizeInMiB': 32768}}], 'TotalGpuMemoryInMiB': 32768}"
2x-RTX5090,RTX5090,2,16,100,5.0064,2.89,earth,"{'Gpus': [{'Name': 'RTX5090', 'Manufacturer': 'NVIDIA', 'Count': 2, 'MemoryInfo': {'SizeInMiB': 32768}}], 'TotalGpuMemoryInMiB': 65536}"
3x-RTX5090,RTX5090,3,24,150,7.5096,4.335,earth,"{'Gpus': [{'Name': 'RTX5090', 'Manufacturer': 'NVIDIA', 'Count': 3, 'MemoryInfo': {'SizeInMiB': 32768}}], 'TotalGpuMemoryInMiB': 98304}"
4x-RTX5090,RTX5090,4,32,200,10.0128,5.78,earth,"{'Gpus': [{'Name': 'RTX5090', 'Manufacturer': 'NVIDIA', 'Count': 4, 'MemoryInfo': {'SizeInMiB': 32768}}], 'TotalGpuMemoryInMiB': 131072}"
5x-RTX5090,RTX5090,5,40,250,12.516,7.225,earth,"{'Gpus': [{'Name': 'RTX5090', 'Manufacturer': 'NVIDIA', 'Count': 5, 'MemoryInfo': {'SizeInMiB': 32768}}], 'TotalGpuMemoryInMiB': 163840}"
6x-RTX5090,RTX5090,6,48,300,15.0192,8.67,earth,"{'Gpus': [{'Name': 'RTX5090', 'Manufacturer': 'NVIDIA', 'Count': 6, 'MemoryInfo': {'SizeInMiB': 32768}}], 'TotalGpuMemoryInMiB': 196608}"
7x-RTX5090,RTX5090,7,56,350,17.5224,10.115,earth,"{'Gpus': [{'Name': 'RTX5090', 'Manufacturer': 'NVIDIA', 'Count': 7, 'MemoryInfo': {'SizeInMiB': 32768}}], 'TotalGpuMemoryInMiB': 229376}"
8x-RTX5090,RTX5090,8,64,400,20.0256,11.56,earth,"{'Gpus': [{'Name': 'RTX5090', 'Manufacturer': 'NVIDIA', 'Count': 8, 'MemoryInfo': {'SizeInMiB': 32768}}], 'TotalGpuMemoryInMiB': 262144}"
1x-RTX4090,RTX4090,1,8,50,2.2032,1.275,earth,"{'Gpus': [{'Name': 'RTX4090', 'Manufacturer': 'NVIDIA', 'Count': 1, 'MemoryInfo': {'SizeInMiB': 24576}}], 'TotalGpuMemoryInMiB': 24576}"
2x-RTX4090,RTX4090,2,16,100,4.4064,2.55,earth,"{'Gpus': [{'Name': 'RTX4090', 'Manufacturer': 'NVIDIA', 'Count': 2, 'MemoryInfo': {'SizeInMiB': 24576}}], 'TotalGpuMemoryInMiB': 49152}"
3x-RTX4090,RTX4090,3,24,150,6.6096,3.825,earth,"{'Gpus': [{'Name': 'RTX4090', 'Manufacturer': 'NVIDIA', 'Count': 3, 'MemoryInfo': {'SizeInMiB': 24576}}], 'TotalGpuMemoryInMiB': 73728}"
4x-RTX4090,RTX4090,4,32,200,8.8128,5.1,earth,"{'Gpus': [{'Name': 'RTX4090', 'Manufacturer': 'NVIDIA', 'Count': 4, 'MemoryInfo': {'SizeInMiB': 24576}}], 'TotalGpuMemoryInMiB': 98304}"
5x-RTX4090,RTX4090,5,40,250,11.016,6.375,earth,"{'Gpus': [{'Name': 'RTX4090', 'Manufacturer': 'NVIDIA', 'Count': 5, 'MemoryInfo': {'SizeInMiB': 24576}}], 'TotalGpuMemoryInMiB': 122880}"
6x-RTX4090,RTX4090,6,48,300,13.2192,7.65,earth,"{'Gpus': [{'Name': 'RTX4090', 'Manufacturer': 'NVIDIA', 'Count': 6, 'MemoryInfo': {'SizeInMiB': 24576}}], 'TotalGpuMemoryInMiB': 147456}"
7x-RTX4090,RTX4090,7,56,350,15.4224,8.925,earth,"{'Gpus': [{'Name': 'RTX4090', 'Manufacturer': 'NVIDIA', 'Count': 7, 'MemoryInfo': {'SizeInMiB': 24576}}], 'TotalGpuMemoryInMiB': 172032}"
8x-RTX4090,RTX4090,8,64,400,17.6256,10.2,earth,"{'Gpus': [{'Name': 'RTX4090', 'Manufacturer': 'NVIDIA', 'Count': 8, 'MemoryInfo': {'SizeInMiB': 24576}}], 'TotalGpuMemoryInMiB': 196608}"
1x-MI355X,MI355X,1,8,100,8.0132,4.61,earth,"{'Gpus': [{'Name': 'MI355X', 'Manufacturer': 'AMD', 'Count': 1, 'MemoryInfo': {'SizeInMiB': 294912}}], 'TotalGpuMemoryInMiB': 294912}"
2x-MI355X,MI355X,2,16,200,16.0264,9.22,earth,"{'Gpus': [{'Name': 'MI355X', 'Manufacturer': 'AMD', 'Count': 2, 'MemoryInfo': {'SizeInMiB': 294912}}], 'TotalGpuMemoryInMiB': 589824}"
3x-MI355X,MI355X,3,24,300,24.0396,13.83,earth,"{'Gpus': [{'Name': 'MI355X', 'Manufacturer': 'AMD', 'Count': 3, 'MemoryInfo': {'SizeInMiB': 294912}}], 'TotalGpuMemoryInMiB': 884736}"
4x-MI355X,MI355X,4,32,400,32.0528,18.44,earth,"{'Gpus': [{'Name': 'MI355X', 'Manufacturer': 'AMD', 'Count': 4, 'MemoryInfo': {'SizeInMiB': 294912}}], 'TotalGpuMemoryInMiB': 1179648}"
5x-MI355X,MI355X,5,40,500,40.066,23.05,earth,"{'Gpus': [{'Name': 'MI355X', 'Manufacturer': 'AMD', 'Count': 5, 'MemoryInfo': {'SizeInMiB': 294912}}], 'TotalGpuMemoryInMiB': 1474560}"
6x-MI355X,MI355X,6,48,600,48.0792,27.66,earth,"{'Gpus': [{'Name': 'MI355X', 'Manufacturer': 'AMD', 'Count': 6, 'MemoryInfo': {'SizeInMiB': 294912}}], 'TotalGpuMemoryInMiB': 1769472}"
7x-MI355X,MI355X,7,56,700,56.0924,32.27,earth,"{'Gpus': [{'Name': 'MI355X', 'Manufacturer': 'AMD', 'Count': 7, 'MemoryInfo': {'SizeInMiB': 294912}}], 'TotalGpuMemoryInMiB': 2064384}"
8x-MI355X,MI355X,8,64,800,64.1056,36.88,earth,"{'Gpus': [{'Name': 'MI355X', 'Manufacturer': 'AMD', 'Count': 8, 'MemoryInfo': {'SizeInMiB': 294912}}], 'TotalGpuMemoryInMiB': 2359296}"
cpu-2x-8gb,,,2,8,0.2304,,us,
cpu-2x-8gb,,,2,8,0.2304,,eu,
cpu-4x-16gb,,,4,16,0.4608,,us,
cpu-4x-16gb,,,4,16,0.4608,,eu,
cpu-8x-32gb,,,8,32,0.9216,,us,
cpu-8x-32gb,,,8,32,0.9216,,eu,
cpu-16x-64gb,,,16,64,1.8432,,us,
cpu-16x-64gb,,,16,64,1.8432,,eu,
