InstanceType,UpstreamCloudId,vCPUs,MemoryGiB,AcceleratorName,AcceleratorCount,GpuInfo,Region,Price,SpotPrice
8H100.80S.176V,8H100.80S.176V,176.0,1360.0,H100,8.0,"{""Gpus"": [{""Name"": ""H100"", ""Count"": 8, ""MemoryInfo"": {""SizeInMiB"": 81920}}], ""TotalGpuMemoryInMiB"": 655360}",FIN-02,,14.51
1A100.40S.22V,1A100.40S.22V,22.0,120.0,A100,1.0,"{""Gpus"": [{""Name"": ""A100"", ""Count"": 1, ""MemoryInfo"": {""SizeInMiB"": 40960}}], ""TotalGpuMemoryInMiB"": 40960}",FIN-01,,0.647
1V100.6V,1V100.6V,6.0,23.0,V100,1.0,"{""Gpus"": [{""Name"": ""V100"", ""Count"": 1, ""MemoryInfo"": {""SizeInMiB"": 16384}}], ""TotalGpuMemoryInMiB"": 16384}",FIN-01,,0.096
2RTXPRO6000.60V,2RTXPRO6000.60V,60.0,180.0,RTX-PRO-6000,2.0,"{""Gpus"": [{""Name"": ""RTX-PRO-6000"", ""Count"": 2, ""MemoryInfo"": {""SizeInMiB"": 98304}}], ""TotalGpuMemoryInMiB"": 196608}",FIN-02,4.008,
1A6000.10V,1A6000.10V,10.0,60.0,RTX-A6000,1.0,"{""Gpus"": [{""Name"": ""RTX-A6000"", ""Count"": 1, ""MemoryInfo"": {""SizeInMiB"": 49152}}], ""TotalGpuMemoryInMiB"": 49152}",FIN-01,,0.326
CPU-TURIN.4V.16G,CPU-TURIN.4V.16G,4.0,16.0,,,,FIN-03,0.048,0.0192
CPU-TURIN.8V.32G,CPU-TURIN.8V.32G,8.0,32.0,,,,FIN-03,0.096,0.0384
CPU-TURIN.16V.64G,CPU-TURIN.16V.64G,16.0,64.0,,,,FIN-03,0.192,0.0768
CPU-TURIN.32V.128G,CPU-TURIN.32V.128G,32.0,128.0,,,,FIN-03,,0.1536
CPU-TURIN.64V.256G,CPU-TURIN.64V.256G,64.0,256.0,,,,FIN-03,,0.3072
CPU-TURIN.360V.1440G,CPU-TURIN.360V.1440G,360.0,1440.0,,,,FIN-03,,1.728
CPU.4V.16G,CPU.4V.16G,4.0,16.0,,,,FIN-01,0.048,0.0192
CPU.8V.32G,CPU.8V.32G,8.0,32.0,,,,FIN-01,0.096,0.0384
CPU.16V.64G,CPU.16V.64G,16.0,64.0,,,,FIN-02,0.192,0.0768
CPU.360V.1440G.CC,CPU.360V.1440G.CC,360.0,1440.0,,,,FIN-03,,1.763
